--
-- PostgreSQL database dump
--

\restrict lbDYbckyK2Z8J5KH5y3VmbJedlBV7RTabg3vXDGCficsesBrdDR5SvaYT4mSv8R

-- Dumped from database version 15.17 (Debian 15.17-1.pgdg13+1)
-- Dumped by pg_dump version 15.17 (Debian 15.17-1.pgdg13+1)

SET statement_timeout = 0;
SET lock_timeout = 0;
SET idle_in_transaction_session_timeout = 0;
SET client_encoding = 'UTF8';
SET standard_conforming_strings = on;
SELECT pg_catalog.set_config('search_path', '', false);
SET check_function_bodies = false;
SET xmloption = content;
SET client_min_messages = warning;
SET row_security = off;

SET default_tablespace = '';

SET default_table_access_method = heap;

--
-- Name: api_event; Type: TABLE; Schema: public; Owner: myuser
--

CREATE TABLE public.api_event (
    id bigint NOT NULL,
    name character varying(255) NOT NULL,
    description text NOT NULL,
    category_id bigint,
    image_url character varying(500)
);


ALTER TABLE public.api_event OWNER TO myuser;

--
-- Name: api_event_id_seq; Type: SEQUENCE; Schema: public; Owner: myuser
--

ALTER TABLE public.api_event ALTER COLUMN id ADD GENERATED BY DEFAULT AS IDENTITY (
    SEQUENCE NAME public.api_event_id_seq
    START WITH 1
    INCREMENT BY 1
    NO MINVALUE
    NO MAXVALUE
    CACHE 1
);


--
-- Name: api_eventcategory; Type: TABLE; Schema: public; Owner: myuser
--

CREATE TABLE public.api_eventcategory (
    id bigint NOT NULL,
    name character varying(255) NOT NULL
);


ALTER TABLE public.api_eventcategory OWNER TO myuser;

--
-- Name: api_eventcategory_id_seq; Type: SEQUENCE; Schema: public; Owner: myuser
--

ALTER TABLE public.api_eventcategory ALTER COLUMN id ADD GENERATED BY DEFAULT AS IDENTITY (
    SEQUENCE NAME public.api_eventcategory_id_seq
    START WITH 1
    INCREMENT BY 1
    NO MINVALUE
    NO MAXVALUE
    CACHE 1
);


--
-- Name: api_eventinstance; Type: TABLE; Schema: public; Owner: myuser
--

CREATE TABLE public.api_eventinstance (
    id bigint NOT NULL,
    "time" timestamp with time zone NOT NULL,
    event_id bigint NOT NULL,
    venue_id bigint NOT NULL
);


ALTER TABLE public.api_eventinstance OWNER TO myuser;

--
-- Name: api_eventinstance_id_seq; Type: SEQUENCE; Schema: public; Owner: myuser
--

ALTER TABLE public.api_eventinstance ALTER COLUMN id ADD GENERATED BY DEFAULT AS IDENTITY (
    SEQUENCE NAME public.api_eventinstance_id_seq
    START WITH 1
    INCREMENT BY 1
    NO MINVALUE
    NO MAXVALUE
    CACHE 1
);


--
-- Name: api_eventseat; Type: TABLE; Schema: public; Owner: myuser
--

CREATE TABLE public.api_eventseat (
    id bigint NOT NULL,
    event_instance_id bigint NOT NULL,
    seat_id bigint NOT NULL,
    seat_category_id bigint NOT NULL
);


ALTER TABLE public.api_eventseat OWNER TO myuser;

--
-- Name: api_eventseat_id_seq; Type: SEQUENCE; Schema: public; Owner: myuser
--

ALTER TABLE public.api_eventseat ALTER COLUMN id ADD GENERATED BY DEFAULT AS IDENTITY (
    SEQUENCE NAME public.api_eventseat_id_seq
    START WITH 1
    INCREMENT BY 1
    NO MINVALUE
    NO MAXVALUE
    CACHE 1
);


--
-- Name: api_order; Type: TABLE; Schema: public; Owner: myuser
--

CREATE TABLE public.api_order (
    id bigint NOT NULL,
    status character varying(20) NOT NULL,
    eventinstance_id bigint NOT NULL,
    user_id integer NOT NULL
);


ALTER TABLE public.api_order OWNER TO myuser;

--
-- Name: api_order_id_seq; Type: SEQUENCE; Schema: public; Owner: myuser
--

ALTER TABLE public.api_order ALTER COLUMN id ADD GENERATED BY DEFAULT AS IDENTITY (
    SEQUENCE NAME public.api_order_id_seq
    START WITH 1
    INCREMENT BY 1
    NO MINVALUE
    NO MAXVALUE
    CACHE 1
);


--
-- Name: api_orderseat; Type: TABLE; Schema: public; Owner: myuser
--

CREATE TABLE public.api_orderseat (
    id bigint NOT NULL,
    event_seat_id bigint NOT NULL,
    order_id bigint NOT NULL
);


ALTER TABLE public.api_orderseat OWNER TO myuser;

--
-- Name: api_orderseat_id_seq; Type: SEQUENCE; Schema: public; Owner: myuser
--

ALTER TABLE public.api_orderseat ALTER COLUMN id ADD GENERATED BY DEFAULT AS IDENTITY (
    SEQUENCE NAME public.api_orderseat_id_seq
    START WITH 1
    INCREMENT BY 1
    NO MINVALUE
    NO MAXVALUE
    CACHE 1
);


--
-- Name: api_payment; Type: TABLE; Schema: public; Owner: myuser
--

CREATE TABLE public.api_payment (
    id bigint NOT NULL,
    stripe_session_id character varying(255) NOT NULL,
    status character varying(20) NOT NULL,
    order_id bigint NOT NULL
);


ALTER TABLE public.api_payment OWNER TO myuser;

--
-- Name: api_payment_id_seq; Type: SEQUENCE; Schema: public; Owner: myuser
--

ALTER TABLE public.api_payment ALTER COLUMN id ADD GENERATED BY DEFAULT AS IDENTITY (
    SEQUENCE NAME public.api_payment_id_seq
    START WITH 1
    INCREMENT BY 1
    NO MINVALUE
    NO MAXVALUE
    CACHE 1
);


--
-- Name: api_seat; Type: TABLE; Schema: public; Owner: myuser
--

CREATE TABLE public.api_seat (
    id bigint NOT NULL,
    "row" integer NOT NULL,
    number integer NOT NULL,
    if_exist boolean NOT NULL,
    venue_id bigint NOT NULL
);


ALTER TABLE public.api_seat OWNER TO myuser;

--
-- Name: api_seat_id_seq; Type: SEQUENCE; Schema: public; Owner: myuser
--

ALTER TABLE public.api_seat ALTER COLUMN id ADD GENERATED BY DEFAULT AS IDENTITY (
    SEQUENCE NAME public.api_seat_id_seq
    START WITH 1
    INCREMENT BY 1
    NO MINVALUE
    NO MAXVALUE
    CACHE 1
);


--
-- Name: api_seatcategory; Type: TABLE; Schema: public; Owner: myuser
--

CREATE TABLE public.api_seatcategory (
    id bigint NOT NULL,
    name character varying(255) NOT NULL,
    price numeric(10,2) NOT NULL
);


ALTER TABLE public.api_seatcategory OWNER TO myuser;

--
-- Name: api_seatcategory_id_seq; Type: SEQUENCE; Schema: public; Owner: myuser
--

ALTER TABLE public.api_seatcategory ALTER COLUMN id ADD GENERATED BY DEFAULT AS IDENTITY (
    SEQUENCE NAME public.api_seatcategory_id_seq
    START WITH 1
    INCREMENT BY 1
    NO MINVALUE
    NO MAXVALUE
    CACHE 1
);


--
-- Name: api_venue; Type: TABLE; Schema: public; Owner: myuser
--

CREATE TABLE public.api_venue (
    id bigint NOT NULL,
    name character varying(255) NOT NULL,
    rows integer NOT NULL,
    seats_per_row integer NOT NULL
);


ALTER TABLE public.api_venue OWNER TO myuser;

--
-- Name: api_venue_id_seq; Type: SEQUENCE; Schema: public; Owner: myuser
--

ALTER TABLE public.api_venue ALTER COLUMN id ADD GENERATED BY DEFAULT AS IDENTITY (
    SEQUENCE NAME public.api_venue_id_seq
    START WITH 1
    INCREMENT BY 1
    NO MINVALUE
    NO MAXVALUE
    CACHE 1
);


--
-- Name: auth_group; Type: TABLE; Schema: public; Owner: myuser
--

CREATE TABLE public.auth_group (
    id integer NOT NULL,
    name character varying(150) NOT NULL
);


ALTER TABLE public.auth_group OWNER TO myuser;

--
-- Name: auth_group_id_seq; Type: SEQUENCE; Schema: public; Owner: myuser
--

ALTER TABLE public.auth_group ALTER COLUMN id ADD GENERATED BY DEFAULT AS IDENTITY (
    SEQUENCE NAME public.auth_group_id_seq
    START WITH 1
    INCREMENT BY 1
    NO MINVALUE
    NO MAXVALUE
    CACHE 1
);


--
-- Name: auth_group_permissions; Type: TABLE; Schema: public; Owner: myuser
--

CREATE TABLE public.auth_group_permissions (
    id bigint NOT NULL,
    group_id integer NOT NULL,
    permission_id integer NOT NULL
);


ALTER TABLE public.auth_group_permissions OWNER TO myuser;

--
-- Name: auth_group_permissions_id_seq; Type: SEQUENCE; Schema: public; Owner: myuser
--

ALTER TABLE public.auth_group_permissions ALTER COLUMN id ADD GENERATED BY DEFAULT AS IDENTITY (
    SEQUENCE NAME public.auth_group_permissions_id_seq
    START WITH 1
    INCREMENT BY 1
    NO MINVALUE
    NO MAXVALUE
    CACHE 1
);


--
-- Name: auth_permission; Type: TABLE; Schema: public; Owner: myuser
--

CREATE TABLE public.auth_permission (
    id integer NOT NULL,
    name character varying(255) NOT NULL,
    content_type_id integer NOT NULL,
    codename character varying(100) NOT NULL
);


ALTER TABLE public.auth_permission OWNER TO myuser;

--
-- Name: auth_permission_id_seq; Type: SEQUENCE; Schema: public; Owner: myuser
--

ALTER TABLE public.auth_permission ALTER COLUMN id ADD GENERATED BY DEFAULT AS IDENTITY (
    SEQUENCE NAME public.auth_permission_id_seq
    START WITH 1
    INCREMENT BY 1
    NO MINVALUE
    NO MAXVALUE
    CACHE 1
);


--
-- Name: auth_user; Type: TABLE; Schema: public; Owner: myuser
--

CREATE TABLE public.auth_user (
    id integer NOT NULL,
    password character varying(128) NOT NULL,
    last_login timestamp with time zone,
    is_superuser boolean NOT NULL,
    username character varying(150) NOT NULL,
    first_name character varying(150) NOT NULL,
    last_name character varying(150) NOT NULL,
    email character varying(254) NOT NULL,
    is_staff boolean NOT NULL,
    is_active boolean NOT NULL,
    date_joined timestamp with time zone NOT NULL
);


ALTER TABLE public.auth_user OWNER TO myuser;

--
-- Name: auth_user_groups; Type: TABLE; Schema: public; Owner: myuser
--

CREATE TABLE public.auth_user_groups (
    id bigint NOT NULL,
    user_id integer NOT NULL,
    group_id integer NOT NULL
);


ALTER TABLE public.auth_user_groups OWNER TO myuser;

--
-- Name: auth_user_groups_id_seq; Type: SEQUENCE; Schema: public; Owner: myuser
--

ALTER TABLE public.auth_user_groups ALTER COLUMN id ADD GENERATED BY DEFAULT AS IDENTITY (
    SEQUENCE NAME public.auth_user_groups_id_seq
    START WITH 1
    INCREMENT BY 1
    NO MINVALUE
    NO MAXVALUE
    CACHE 1
);


--
-- Name: auth_user_id_seq; Type: SEQUENCE; Schema: public; Owner: myuser
--

ALTER TABLE public.auth_user ALTER COLUMN id ADD GENERATED BY DEFAULT AS IDENTITY (
    SEQUENCE NAME public.auth_user_id_seq
    START WITH 1
    INCREMENT BY 1
    NO MINVALUE
    NO MAXVALUE
    CACHE 1
);


--
-- Name: auth_user_user_permissions; Type: TABLE; Schema: public; Owner: myuser
--

CREATE TABLE public.auth_user_user_permissions (
    id bigint NOT NULL,
    user_id integer NOT NULL,
    permission_id integer NOT NULL
);


ALTER TABLE public.auth_user_user_permissions OWNER TO myuser;

--
-- Name: auth_user_user_permissions_id_seq; Type: SEQUENCE; Schema: public; Owner: myuser
--

ALTER TABLE public.auth_user_user_permissions ALTER COLUMN id ADD GENERATED BY DEFAULT AS IDENTITY (
    SEQUENCE NAME public.auth_user_user_permissions_id_seq
    START WITH 1
    INCREMENT BY 1
    NO MINVALUE
    NO MAXVALUE
    CACHE 1
);


--
-- Name: django_admin_log; Type: TABLE; Schema: public; Owner: myuser
--

CREATE TABLE public.django_admin_log (
    id integer NOT NULL,
    action_time timestamp with time zone NOT NULL,
    object_id text,
    object_repr character varying(200) NOT NULL,
    action_flag smallint NOT NULL,
    change_message text NOT NULL,
    content_type_id integer,
    user_id integer NOT NULL,
    CONSTRAINT django_admin_log_action_flag_check CHECK ((action_flag >= 0))
);


ALTER TABLE public.django_admin_log OWNER TO myuser;

--
-- Name: django_admin_log_id_seq; Type: SEQUENCE; Schema: public; Owner: myuser
--

ALTER TABLE public.django_admin_log ALTER COLUMN id ADD GENERATED BY DEFAULT AS IDENTITY (
    SEQUENCE NAME public.django_admin_log_id_seq
    START WITH 1
    INCREMENT BY 1
    NO MINVALUE
    NO MAXVALUE
    CACHE 1
);


--
-- Name: django_content_type; Type: TABLE; Schema: public; Owner: myuser
--

CREATE TABLE public.django_content_type (
    id integer NOT NULL,
    app_label character varying(100) NOT NULL,
    model character varying(100) NOT NULL
);


ALTER TABLE public.django_content_type OWNER TO myuser;

--
-- Name: django_content_type_id_seq; Type: SEQUENCE; Schema: public; Owner: myuser
--

ALTER TABLE public.django_content_type ALTER COLUMN id ADD GENERATED BY DEFAULT AS IDENTITY (
    SEQUENCE NAME public.django_content_type_id_seq
    START WITH 1
    INCREMENT BY 1
    NO MINVALUE
    NO MAXVALUE
    CACHE 1
);


--
-- Name: django_migrations; Type: TABLE; Schema: public; Owner: myuser
--

CREATE TABLE public.django_migrations (
    id bigint NOT NULL,
    app character varying(255) NOT NULL,
    name character varying(255) NOT NULL,
    applied timestamp with time zone NOT NULL
);


ALTER TABLE public.django_migrations OWNER TO myuser;

--
-- Name: django_migrations_id_seq; Type: SEQUENCE; Schema: public; Owner: myuser
--

ALTER TABLE public.django_migrations ALTER COLUMN id ADD GENERATED BY DEFAULT AS IDENTITY (
    SEQUENCE NAME public.django_migrations_id_seq
    START WITH 1
    INCREMENT BY 1
    NO MINVALUE
    NO MAXVALUE
    CACHE 1
);


--
-- Name: django_session; Type: TABLE; Schema: public; Owner: myuser
--

CREATE TABLE public.django_session (
    session_key character varying(40) NOT NULL,
    session_data text NOT NULL,
    expire_date timestamp with time zone NOT NULL
);


ALTER TABLE public.django_session OWNER TO myuser;

--
-- Data for Name: api_event; Type: TABLE DATA; Schema: public; Owner: myuser
--

COPY public.api_event (id, name, description, category_id, image_url) FROM stdin;
1	Dune: Part Two	Paul Atreides joins the Fremen on Arrakis and rises toward a dangerous destiny shaped by prophecy, war, and the struggle for power.	1	https://www.superherotoystore.com/cdn/shop/articles/dune-part-two-2024-5k-rl-3840x2400_1600x.jpg?v=1709290352
2	Romeo and Juliet	A tragic love story about two young lovers from rival families whose secret romance leads to heartbreak, conflict, and one of theatres most famous endings.	2	https://cdn.svvoice.com/wp-content/uploads/2019/06/18020648/3-Balcony-credit-Jay-Yamada-Copy.jpg
3	AI & Society - Open Lecture	An open lecture exploring how artificial intelligence shapes modern society, from work and education to ethics, creativity, and public policy.	3	https://images.unsplash.com/photo-1518770660439-4636190af475?q=80&w=500&auto=format&fit=crop
4	La La Land - City of Stars	A vibrant musical film about love, ambition, and sacrifice as two artists in Los Angeles chase their dreams while navigating their relationship.	1	https://occ-0-8407-2219.1.nflxso.net/dnm/api/v6/6AYY37jfdO6hpXcMjf9Yu5cnmO0/AAAABe0k0-UurHVbx9fm2hTVfoTVYElSw7GWMcvc1JAfGPsqraunVJBWewzMWxs8GmB4an5YQM1BPv3Y37wubHYKAJZ50hBn0oEfpX-m.jpg?r=ada
5	Beetlejuice The Musical	A chaotic and darkly funny musical in which a mischievous ghost causes havoc while the living and the dead collide in spectacular fashion.	2	https://beetlejuicethemusical.com.au/wp-content/uploads/2025/06/beetlejuice-title.jpg
6	Moulin Rouge! The Musical	A dazzling stage musical of romance, spectacle, and heartbreak set in bohemian Paris, where passion and performance collide under the lights of the Moulin Rouge.	2	https://aws-tiqets-cdn.imgix.net/images/content/af800c2a213a46b28e696d9efae8fcba.jpg?auto=format%2Ccompress&fit=crop&q=70&w=600&s=61daa83f62dc8edda6220caaa0ea0639
7	Poor Things	A surreal and visually bold story of self-discovery, freedom, and transformation following a young woman reborn into an unusual new life.	1	https://disney.images.edge.bamgrid.com/ripcut-delivery/v2/variant/disney/019b2681-dd36-726b-acb2-b16a5872d0b6/compose?aspectRatio=1.78&format=webp&width=1200
8	Phantom of the Opera	A gothic musical about obsession, genius, and love beneath the Paris Opera, where a mysterious masked figure haunts the stage and its stars.	2	https://d28054jbxkgsih.cloudfront.net/uploads/_fullCroppedImage/CML_Production-Page-Banner_1920x1080_3_AW.jpg?v=1764185437
9	The Secret Life of Trees	A reflective lecture on the hidden systems of forests, exploring how trees communicate, adapt, and shape the ecosystems around them.	3	https://images.unsplash.com/photo-1542273917363-3b1817f69a2d?auto=format&fit=crop&q=80&w=800
\.


--
-- Data for Name: api_eventcategory; Type: TABLE DATA; Schema: public; Owner: myuser
--

COPY public.api_eventcategory (id, name) FROM stdin;
1	Cinema
2	Theatre
3	Lecture
\.


--
-- Data for Name: api_eventinstance; Type: TABLE DATA; Schema: public; Owner: myuser
--

COPY public.api_eventinstance (id, "time", event_id, venue_id) FROM stdin;
1	2026-06-01 15:38:28.712633+00	1	1
2	2026-06-01 15:38:28.893536+00	2	2
3	2026-06-01 15:38:29.074387+00	3	3
4	2026-06-01 15:38:29.251441+00	4	4
5	2026-06-01 15:38:29.430544+00	5	5
6	2026-06-01 15:38:29.610706+00	6	6
7	2026-06-01 15:38:29.792693+00	7	7
8	2026-06-01 15:38:29.969906+00	8	8
9	2026-06-01 15:38:30.146909+00	9	9
\.




--
-- Data for Name: api_eventseat; Type: TABLE DATA; Schema: public; Owner: myuser
--

COPY public.api_eventseat (id, event_instance_id, seat_id, seat_category_id) FROM stdin;
1	1	1	1
2	1	2	1
3	1	3	1
4	1	4	1
5	1	5	1
6	1	6	1
7	1	7	1
8	1	8	1
9	1	9	1
10	1	10	1
11	1	11	1
12	1	12	1
13	1	13	1
14	1	14	1
15	1	15	1
16	1	16	1
17	1	17	1
18	1	18	1
19	1	19	1
20	1	20	1
21	1	21	1
22	1	22	1
23	1	23	1
24	1	24	1
25	1	25	1
26	1	26	1
27	1	27	1
28	1	28	1
29	1	29	1
30	1	30	1
31	1	31	1
32	1	32	1
33	1	33	1
34	1	34	1
35	1	35	1
36	1	36	1
37	1	37	1
38	1	38	1
39	1	39	1
40	1	40	1
41	1	41	1
42	1	42	1
43	1	43	1
44	1	44	1
45	1	45	1
46	1	46	1
47	1	47	1
48	1	48	1
49	1	49	1
50	1	50	1
51	1	51	1
52	1	52	1
53	1	53	1
54	1	54	1
55	1	55	1
56	1	56	1
57	1	57	1
58	1	58	1
59	1	59	1
60	1	60	1
61	1	61	1
62	1	62	1
63	1	63	1
64	1	64	1
65	1	65	1
66	1	66	1
67	1	67	1
68	1	68	1
69	1	69	1
70	1	70	1
71	1	71	1
72	1	72	1
73	1	73	1
74	1	74	1
75	1	75	1
76	1	76	1
77	1	77	1
78	1	78	1
79	1	79	1
80	1	80	1
81	1	81	1
82	1	82	1
83	1	83	1
84	1	84	1
85	1	85	1
86	1	86	1
87	1	87	1
88	1	88	1
89	1	89	1
90	1	90	1
91	1	91	1
92	1	92	1
93	1	93	1
94	1	94	1
95	1	95	1
96	1	96	1
97	1	97	1
98	1	98	1
99	1	99	1
100	1	100	1
101	2	101	2
102	2	102	2
103	2	103	2
104	2	104	2
105	2	105	2
106	2	106	2
107	2	107	2
108	2	108	2
109	2	109	2
110	2	110	2
111	2	111	2
112	2	112	2
113	2	113	2
114	2	114	2
115	2	115	2
116	2	116	2
117	2	117	2
118	2	118	2
119	2	119	2
120	2	120	2
121	2	121	2
122	2	122	2
123	2	123	2
124	2	124	2
125	2	125	2
126	2	126	2
127	2	127	2
128	2	128	2
129	2	129	2
130	2	130	2
131	2	131	2
132	2	132	2
133	2	133	2
134	2	134	2
135	2	135	2
136	2	136	2
137	2	137	2
138	2	138	2
139	2	139	2
140	2	140	2
141	2	141	2
142	2	142	2
143	2	143	2
144	2	144	2
145	2	145	2
146	2	146	2
147	2	147	2
148	2	148	2
149	2	149	2
150	2	150	2
151	2	151	2
152	2	152	2
153	2	153	2
154	2	154	2
155	2	155	2
156	2	156	2
157	2	157	2
158	2	158	2
159	2	159	2
160	2	160	2
161	2	161	2
162	2	162	2
163	2	163	2
164	2	164	2
165	2	165	2
166	2	166	2
167	2	167	2
168	2	168	2
169	2	169	2
170	2	170	2
171	2	171	2
172	2	172	2
173	2	173	2
174	2	174	2
175	2	175	2
176	2	176	2
177	2	177	2
178	2	178	2
179	2	179	2
180	2	180	2
181	2	181	2
182	2	182	2
183	2	183	2
184	2	184	2
185	2	185	2
186	2	186	2
187	2	187	2
188	2	188	2
189	2	189	2
190	2	190	2
191	2	191	2
192	2	192	2
193	2	193	2
194	2	194	2
195	2	195	2
196	2	196	2
197	2	197	2
198	2	198	2
199	2	199	2
200	2	200	2
201	3	201	3
202	3	202	3
203	3	203	3
204	3	204	3
205	3	205	3
206	3	206	3
207	3	207	3
208	3	208	3
209	3	209	3
210	3	210	3
211	3	211	3
212	3	212	3
213	3	213	3
214	3	214	3
215	3	215	3
216	3	216	3
217	3	217	3
218	3	218	3
219	3	219	3
220	3	220	3
221	3	221	3
222	3	222	3
223	3	223	3
224	3	224	3
225	3	225	3
226	3	226	3
227	3	227	3
228	3	228	3
229	3	229	3
230	3	230	3
231	3	231	3
232	3	232	3
233	3	233	3
234	3	234	3
235	3	235	3
236	3	236	3
237	3	237	3
238	3	238	3
239	3	239	3
240	3	240	3
241	3	241	3
242	3	242	3
243	3	243	3
244	3	244	3
245	3	245	3
246	3	246	3
247	3	247	3
248	3	248	3
249	3	249	3
250	3	250	3
251	3	251	3
252	3	252	3
253	3	253	3
254	3	254	3
255	3	255	3
256	3	256	3
257	3	257	3
258	3	258	3
259	3	259	3
260	3	260	3
261	3	261	3
262	3	262	3
263	3	263	3
264	3	264	3
265	3	265	3
266	3	266	3
267	3	267	3
268	3	268	3
269	3	269	3
270	3	270	3
271	3	271	3
272	3	272	3
273	3	273	3
274	3	274	3
275	3	275	3
276	3	276	3
277	3	277	3
278	3	278	3
279	3	279	3
280	3	280	3
281	3	281	3
282	3	282	3
283	3	283	3
284	3	284	3
285	3	285	3
286	3	286	3
287	3	287	3
288	3	288	3
289	3	289	3
290	3	290	3
291	3	291	3
292	3	292	3
293	3	293	3
294	3	294	3
295	3	295	3
296	3	296	3
297	3	297	3
298	3	298	3
299	3	299	3
300	3	300	3
301	4	301	4
302	4	302	4
303	4	303	4
304	4	304	4
305	4	305	4
306	4	306	4
307	4	307	4
308	4	308	4
309	4	309	4
310	4	310	4
311	4	311	4
312	4	312	4
313	4	313	4
314	4	314	4
315	4	315	4
316	4	316	4
317	4	317	4
318	4	318	4
319	4	319	4
320	4	320	4
321	4	321	4
322	4	322	4
323	4	323	4
324	4	324	4
325	4	325	4
326	4	326	4
327	4	327	4
328	4	328	4
329	4	329	4
330	4	330	4
331	4	331	4
332	4	332	4
333	4	333	4
334	4	334	4
335	4	335	4
336	4	336	4
337	4	337	4
338	4	338	4
339	4	339	4
340	4	340	4
341	4	341	4
342	4	342	4
343	4	343	4
344	4	344	4
345	4	345	4
346	4	346	4
347	4	347	4
348	4	348	4
349	4	349	4
350	4	350	4
351	4	351	4
352	4	352	4
353	4	353	4
354	4	354	4
355	4	355	4
356	4	356	4
357	4	357	4
358	4	358	4
359	4	359	4
360	4	360	4
361	4	361	4
362	4	362	4
363	4	363	4
364	4	364	4
365	4	365	4
366	4	366	4
367	4	367	4
368	4	368	4
369	4	369	4
370	4	370	4
371	4	371	4
372	4	372	4
373	4	373	4
374	4	374	4
375	4	375	4
376	4	376	4
377	4	377	4
378	4	378	4
379	4	379	4
380	4	380	4
381	4	381	4
382	4	382	4
383	4	383	4
384	4	384	4
385	4	385	4
386	4	386	4
387	4	387	4
388	4	388	4
389	4	389	4
390	4	390	4
391	4	391	4
392	4	392	4
393	4	393	4
394	4	394	4
395	4	395	4
396	4	396	4
397	4	397	4
398	4	398	4
399	4	399	4
400	4	400	4
401	5	401	5
402	5	402	5
403	5	403	5
404	5	404	5
405	5	405	5
406	5	406	5
407	5	407	5
408	5	408	5
409	5	409	5
410	5	410	5
411	5	411	5
412	5	412	5
413	5	413	5
414	5	414	5
415	5	415	5
416	5	416	5
417	5	417	5
418	5	418	5
419	5	419	5
420	5	420	5
421	5	421	5
422	5	422	5
423	5	423	5
424	5	424	5
425	5	425	5
426	5	426	5
427	5	427	5
428	5	428	5
429	5	429	5
430	5	430	5
431	5	431	5
432	5	432	5
433	5	433	5
434	5	434	5
435	5	435	5
436	5	436	5
437	5	437	5
438	5	438	5
439	5	439	5
440	5	440	5
441	5	441	5
442	5	442	5
443	5	443	5
444	5	444	5
445	5	445	5
446	5	446	5
447	5	447	5
448	5	448	5
449	5	449	5
450	5	450	5
451	5	451	5
452	5	452	5
453	5	453	5
454	5	454	5
455	5	455	5
456	5	456	5
457	5	457	5
458	5	458	5
459	5	459	5
460	5	460	5
461	5	461	5
462	5	462	5
463	5	463	5
464	5	464	5
465	5	465	5
466	5	466	5
467	5	467	5
468	5	468	5
469	5	469	5
470	5	470	5
471	5	471	5
472	5	472	5
473	5	473	5
474	5	474	5
475	5	475	5
476	5	476	5
477	5	477	5
478	5	478	5
479	5	479	5
480	5	480	5
481	5	481	5
482	5	482	5
483	5	483	5
484	5	484	5
485	5	485	5
486	5	486	5
487	5	487	5
488	5	488	5
489	5	489	5
490	5	490	5
491	5	491	5
492	5	492	5
493	5	493	5
494	5	494	5
495	5	495	5
496	5	496	5
497	5	497	5
498	5	498	5
499	5	499	5
500	5	500	5
501	6	501	6
502	6	502	6
503	6	503	6
504	6	504	6
505	6	505	6
506	6	506	6
507	6	507	6
508	6	508	6
509	6	509	6
510	6	510	6
511	6	511	6
512	6	512	6
513	6	513	6
514	6	514	6
515	6	515	6
516	6	516	6
517	6	517	6
518	6	518	6
519	6	519	6
520	6	520	6
521	6	521	6
522	6	522	6
523	6	523	6
524	6	524	6
525	6	525	6
526	6	526	6
527	6	527	6
528	6	528	6
529	6	529	6
530	6	530	6
531	6	531	6
532	6	532	6
533	6	533	6
534	6	534	6
535	6	535	6
536	6	536	6
537	6	537	6
538	6	538	6
539	6	539	6
540	6	540	6
541	6	541	6
542	6	542	6
543	6	543	6
544	6	544	6
545	6	545	6
546	6	546	6
547	6	547	6
548	6	548	6
549	6	549	6
550	6	550	6
551	6	551	6
552	6	552	6
553	6	553	6
554	6	554	6
555	6	555	6
556	6	556	6
557	6	557	6
558	6	558	6
559	6	559	6
560	6	560	6
561	6	561	6
562	6	562	6
563	6	563	6
564	6	564	6
565	6	565	6
566	6	566	6
567	6	567	6
568	6	568	6
569	6	569	6
570	6	570	6
571	6	571	6
572	6	572	6
573	6	573	6
574	6	574	6
575	6	575	6
576	6	576	6
577	6	577	6
578	6	578	6
579	6	579	6
580	6	580	6
581	6	581	6
582	6	582	6
583	6	583	6
584	6	584	6
585	6	585	6
586	6	586	6
587	6	587	6
588	6	588	6
589	6	589	6
590	6	590	6
591	6	591	6
592	6	592	6
593	6	593	6
594	6	594	6
595	6	595	6
596	6	596	6
597	6	597	6
598	6	598	6
599	6	599	6
600	6	600	6
601	7	601	7
602	7	602	7
603	7	603	7
604	7	604	7
605	7	605	7
606	7	606	7
607	7	607	7
608	7	608	7
609	7	609	7
610	7	610	7
611	7	611	7
612	7	612	7
613	7	613	7
614	7	614	7
615	7	615	7
616	7	616	7
617	7	617	7
618	7	618	7
619	7	619	7
620	7	620	7
621	7	621	7
622	7	622	7
623	7	623	7
624	7	624	7
625	7	625	7
626	7	626	7
627	7	627	7
628	7	628	7
629	7	629	7
630	7	630	7
631	7	631	7
632	7	632	7
633	7	633	7
634	7	634	7
635	7	635	7
636	7	636	7
637	7	637	7
638	7	638	7
639	7	639	7
640	7	640	7
641	7	641	7
642	7	642	7
643	7	643	7
644	7	644	7
645	7	645	7
646	7	646	7
647	7	647	7
648	7	648	7
649	7	649	7
650	7	650	7
651	7	651	7
652	7	652	7
653	7	653	7
654	7	654	7
655	7	655	7
656	7	656	7
657	7	657	7
658	7	658	7
659	7	659	7
660	7	660	7
661	7	661	7
662	7	662	7
663	7	663	7
664	7	664	7
665	7	665	7
666	7	666	7
667	7	667	7
668	7	668	7
669	7	669	7
670	7	670	7
671	7	671	7
672	7	672	7
673	7	673	7
674	7	674	7
675	7	675	7
676	7	676	7
677	7	677	7
678	7	678	7
679	7	679	7
680	7	680	7
681	7	681	7
682	7	682	7
683	7	683	7
684	7	684	7
685	7	685	7
686	7	686	7
687	7	687	7
688	7	688	7
689	7	689	7
690	7	690	7
691	7	691	7
692	7	692	7
693	7	693	7
694	7	694	7
695	7	695	7
696	7	696	7
697	7	697	7
698	7	698	7
699	7	699	7
700	7	700	7
701	8	701	8
702	8	702	8
703	8	703	8
704	8	704	8
705	8	705	8
706	8	706	8
707	8	707	8
708	8	708	8
709	8	709	8
710	8	710	8
711	8	711	8
712	8	712	8
713	8	713	8
714	8	714	8
715	8	715	8
716	8	716	8
717	8	717	8
718	8	718	8
719	8	719	8
720	8	720	8
721	8	721	8
722	8	722	8
723	8	723	8
724	8	724	8
725	8	725	8
726	8	726	8
727	8	727	8
728	8	728	8
729	8	729	8
730	8	730	8
731	8	731	8
732	8	732	8
733	8	733	8
734	8	734	8
735	8	735	8
736	8	736	8
737	8	737	8
738	8	738	8
739	8	739	8
740	8	740	8
741	8	741	8
742	8	742	8
743	8	743	8
744	8	744	8
745	8	745	8
746	8	746	8
747	8	747	8
748	8	748	8
749	8	749	8
750	8	750	8
751	8	751	8
752	8	752	8
753	8	753	8
754	8	754	8
755	8	755	8
756	8	756	8
757	8	757	8
758	8	758	8
759	8	759	8
760	8	760	8
761	8	761	8
762	8	762	8
763	8	763	8
764	8	764	8
765	8	765	8
766	8	766	8
767	8	767	8
768	8	768	8
769	8	769	8
770	8	770	8
771	8	771	8
772	8	772	8
773	8	773	8
774	8	774	8
775	8	775	8
776	8	776	8
777	8	777	8
778	8	778	8
779	8	779	8
780	8	780	8
781	8	781	8
782	8	782	8
783	8	783	8
784	8	784	8
785	8	785	8
786	8	786	8
787	8	787	8
788	8	788	8
789	8	789	8
790	8	790	8
791	8	791	8
792	8	792	8
793	8	793	8
794	8	794	8
795	8	795	8
796	8	796	8
797	8	797	8
798	8	798	8
799	8	799	8
800	8	800	8
801	9	801	9
802	9	802	9
803	9	803	9
804	9	804	9
805	9	805	9
806	9	806	9
807	9	807	9
808	9	808	9
809	9	809	9
810	9	810	9
811	9	811	9
812	9	812	9
813	9	813	9
814	9	814	9
815	9	815	9
816	9	816	9
817	9	817	9
818	9	818	9
819	9	819	9
820	9	820	9
821	9	821	9
822	9	822	9
823	9	823	9
824	9	824	9
825	9	825	9
826	9	826	9
827	9	827	9
828	9	828	9
829	9	829	9
830	9	830	9
831	9	831	9
832	9	832	9
833	9	833	9
834	9	834	9
835	9	835	9
836	9	836	9
837	9	837	9
838	9	838	9
839	9	839	9
840	9	840	9
841	9	841	9
842	9	842	9
843	9	843	9
844	9	844	9
845	9	845	9
846	9	846	9
847	9	847	9
848	9	848	9
849	9	849	9
850	9	850	9
851	9	851	9
852	9	852	9
853	9	853	9
854	9	854	9
855	9	855	9
856	9	856	9
857	9	857	9
858	9	858	9
859	9	859	9
860	9	860	9
861	9	861	9
862	9	862	9
863	9	863	9
864	9	864	9
865	9	865	9
866	9	866	9
867	9	867	9
868	9	868	9
869	9	869	9
870	9	870	9
871	9	871	9
872	9	872	9
873	9	873	9
874	9	874	9
875	9	875	9
876	9	876	9
877	9	877	9
878	9	878	9
879	9	879	9
880	9	880	9
881	9	881	9
882	9	882	9
883	9	883	9
884	9	884	9
885	9	885	9
886	9	886	9
887	9	887	9
888	9	888	9
889	9	889	9
890	9	890	9
891	9	891	9
892	9	892	9
893	9	893	9
894	9	894	9
895	9	895	9
896	9	896	9
897	9	897	9
898	9	898	9
899	9	899	9
900	9	900	9
\.


--
-- Data for Name: api_order; Type: TABLE DATA; Schema: public; Owner: myuser
--

COPY public.api_order (id, status, eventinstance_id, user_id) FROM stdin;
1	pending	3	1
2	pending	3	1
3	pending	3	1
4	pending	3	3
\.


--
-- Data for Name: api_orderseat; Type: TABLE DATA; Schema: public; Owner: myuser
--

COPY public.api_orderseat (id, event_seat_id, order_id) FROM stdin;
1	201	1
2	202	1
3	205	2
4	206	2
5	217	3
6	218	3
7	298	3
8	259	3
9	254	3
10	234	3
11	222	4
12	232	4
13	242	4
\.


--
-- Data for Name: api_payment; Type: TABLE DATA; Schema: public; Owner: myuser
--

COPY public.api_payment (id, stripe_session_id, status, order_id) FROM stdin;
\.


--
-- Data for Name: api_seat; Type: TABLE DATA; Schema: public; Owner: myuser
--

COPY public.api_seat (id, "row", number, if_exist, venue_id) FROM stdin;
1	1	1	t	1
2	1	2	t	1
3	1	3	t	1
4	1	4	t	1
5	1	5	t	1
6	1	6	t	1
7	1	7	t	1
8	1	8	t	1
9	1	9	t	1
10	1	10	t	1
11	2	1	t	1
12	2	2	t	1
13	2	3	t	1
14	2	4	t	1
15	2	5	t	1
16	2	6	t	1
17	2	7	t	1
18	2	8	t	1
19	2	9	t	1
20	2	10	t	1
21	3	1	t	1
22	3	2	t	1
23	3	3	t	1
24	3	4	t	1
25	3	5	t	1
26	3	6	t	1
27	3	7	t	1
28	3	8	t	1
29	3	9	t	1
30	3	10	t	1
31	4	1	t	1
32	4	2	t	1
33	4	3	t	1
34	4	4	t	1
35	4	5	t	1
36	4	6	t	1
37	4	7	t	1
38	4	8	t	1
39	4	9	t	1
40	4	10	t	1
41	5	1	t	1
42	5	2	t	1
43	5	3	t	1
44	5	4	t	1
45	5	5	t	1
46	5	6	t	1
47	5	7	t	1
48	5	8	t	1
49	5	9	t	1
50	5	10	t	1
51	6	1	t	1
52	6	2	t	1
53	6	3	t	1
54	6	4	t	1
55	6	5	t	1
56	6	6	t	1
57	6	7	t	1
58	6	8	t	1
59	6	9	t	1
60	6	10	t	1
61	7	1	t	1
62	7	2	t	1
63	7	3	t	1
64	7	4	t	1
65	7	5	t	1
66	7	6	t	1
67	7	7	t	1
68	7	8	t	1
69	7	9	t	1
70	7	10	t	1
71	8	1	t	1
72	8	2	t	1
73	8	3	t	1
74	8	4	t	1
75	8	5	t	1
76	8	6	t	1
77	8	7	t	1
78	8	8	t	1
79	8	9	t	1
80	8	10	t	1
81	9	1	t	1
82	9	2	t	1
83	9	3	t	1
84	9	4	t	1
85	9	5	t	1
86	9	6	t	1
87	9	7	t	1
88	9	8	t	1
89	9	9	t	1
90	9	10	t	1
91	10	1	t	1
92	10	2	t	1
93	10	3	t	1
94	10	4	t	1
95	10	5	t	1
96	10	6	t	1
97	10	7	t	1
98	10	8	t	1
99	10	9	t	1
100	10	10	t	1
101	1	1	t	2
102	1	2	t	2
103	1	3	t	2
104	1	4	t	2
105	1	5	t	2
106	1	6	t	2
107	1	7	t	2
108	1	8	t	2
109	1	9	t	2
110	1	10	t	2
111	2	1	t	2
112	2	2	t	2
113	2	3	t	2
114	2	4	t	2
115	2	5	t	2
116	2	6	t	2
117	2	7	t	2
118	2	8	t	2
119	2	9	t	2
120	2	10	t	2
121	3	1	t	2
122	3	2	t	2
123	3	3	t	2
124	3	4	t	2
125	3	5	t	2
126	3	6	t	2
127	3	7	t	2
128	3	8	t	2
129	3	9	t	2
130	3	10	t	2
131	4	1	t	2
132	4	2	t	2
133	4	3	t	2
134	4	4	t	2
135	4	5	t	2
136	4	6	t	2
137	4	7	t	2
138	4	8	t	2
139	4	9	t	2
140	4	10	t	2
141	5	1	t	2
142	5	2	t	2
143	5	3	t	2
144	5	4	t	2
145	5	5	t	2
146	5	6	t	2
147	5	7	t	2
148	5	8	t	2
149	5	9	t	2
150	5	10	t	2
151	6	1	t	2
152	6	2	t	2
153	6	3	t	2
154	6	4	t	2
155	6	5	t	2
156	6	6	t	2
157	6	7	t	2
158	6	8	t	2
159	6	9	t	2
160	6	10	t	2
161	7	1	t	2
162	7	2	t	2
163	7	3	t	2
164	7	4	t	2
165	7	5	t	2
166	7	6	t	2
167	7	7	t	2
168	7	8	t	2
169	7	9	t	2
170	7	10	t	2
171	8	1	t	2
172	8	2	t	2
173	8	3	t	2
174	8	4	t	2
175	8	5	t	2
176	8	6	t	2
177	8	7	t	2
178	8	8	t	2
179	8	9	t	2
180	8	10	t	2
181	9	1	t	2
182	9	2	t	2
183	9	3	t	2
184	9	4	t	2
185	9	5	t	2
186	9	6	t	2
187	9	7	t	2
188	9	8	t	2
189	9	9	t	2
190	9	10	t	2
191	10	1	t	2
192	10	2	t	2
193	10	3	t	2
194	10	4	t	2
195	10	5	t	2
196	10	6	t	2
197	10	7	t	2
198	10	8	t	2
199	10	9	t	2
200	10	10	t	2
201	1	1	t	3
202	1	2	t	3
203	1	3	t	3
204	1	4	t	3
205	1	5	t	3
206	1	6	t	3
207	1	7	t	3
208	1	8	t	3
209	1	9	t	3
210	1	10	t	3
211	2	1	t	3
212	2	2	t	3
213	2	3	t	3
214	2	4	t	3
215	2	5	t	3
216	2	6	t	3
217	2	7	t	3
218	2	8	t	3
219	2	9	t	3
220	2	10	t	3
221	3	1	t	3
222	3	2	t	3
223	3	3	t	3
224	3	4	t	3
225	3	5	t	3
226	3	6	t	3
227	3	7	t	3
228	3	8	t	3
229	3	9	t	3
230	3	10	t	3
231	4	1	t	3
232	4	2	t	3
233	4	3	t	3
234	4	4	t	3
235	4	5	t	3
236	4	6	t	3
237	4	7	t	3
238	4	8	t	3
239	4	9	t	3
240	4	10	t	3
241	5	1	t	3
242	5	2	t	3
243	5	3	t	3
244	5	4	t	3
245	5	5	t	3
246	5	6	t	3
247	5	7	t	3
248	5	8	t	3
249	5	9	t	3
250	5	10	t	3
251	6	1	t	3
252	6	2	t	3
253	6	3	t	3
254	6	4	t	3
255	6	5	t	3
256	6	6	t	3
257	6	7	t	3
258	6	8	t	3
259	6	9	t	3
260	6	10	t	3
261	7	1	t	3
262	7	2	t	3
263	7	3	t	3
264	7	4	t	3
265	7	5	t	3
266	7	6	t	3
267	7	7	t	3
268	7	8	t	3
269	7	9	t	3
270	7	10	t	3
271	8	1	t	3
272	8	2	t	3
273	8	3	t	3
274	8	4	t	3
275	8	5	t	3
276	8	6	t	3
277	8	7	t	3
278	8	8	t	3
279	8	9	t	3
280	8	10	t	3
281	9	1	t	3
282	9	2	t	3
283	9	3	t	3
284	9	4	t	3
285	9	5	t	3
286	9	6	t	3
287	9	7	t	3
288	9	8	t	3
289	9	9	t	3
290	9	10	t	3
291	10	1	t	3
292	10	2	t	3
293	10	3	t	3
294	10	4	t	3
295	10	5	t	3
296	10	6	t	3
297	10	7	t	3
298	10	8	t	3
299	10	9	t	3
300	10	10	t	3
301	1	1	t	4
302	1	2	t	4
303	1	3	t	4
304	1	4	t	4
305	1	5	t	4
306	1	6	t	4
307	1	7	t	4
308	1	8	t	4
309	1	9	t	4
310	1	10	t	4
311	2	1	t	4
312	2	2	t	4
313	2	3	t	4
314	2	4	t	4
315	2	5	t	4
316	2	6	t	4
317	2	7	t	4
318	2	8	t	4
319	2	9	t	4
320	2	10	t	4
321	3	1	t	4
322	3	2	t	4
323	3	3	t	4
324	3	4	t	4
325	3	5	t	4
326	3	6	t	4
327	3	7	t	4
328	3	8	t	4
329	3	9	t	4
330	3	10	t	4
331	4	1	t	4
332	4	2	t	4
333	4	3	t	4
334	4	4	t	4
335	4	5	t	4
336	4	6	t	4
337	4	7	t	4
338	4	8	t	4
339	4	9	t	4
340	4	10	t	4
341	5	1	t	4
342	5	2	t	4
343	5	3	t	4
344	5	4	t	4
345	5	5	t	4
346	5	6	t	4
347	5	7	t	4
348	5	8	t	4
349	5	9	t	4
350	5	10	t	4
351	6	1	t	4
352	6	2	t	4
353	6	3	t	4
354	6	4	t	4
355	6	5	t	4
356	6	6	t	4
357	6	7	t	4
358	6	8	t	4
359	6	9	t	4
360	6	10	t	4
361	7	1	t	4
362	7	2	t	4
363	7	3	t	4
364	7	4	t	4
365	7	5	t	4
366	7	6	t	4
367	7	7	t	4
368	7	8	t	4
369	7	9	t	4
370	7	10	t	4
371	8	1	t	4
372	8	2	t	4
373	8	3	t	4
374	8	4	t	4
375	8	5	t	4
376	8	6	t	4
377	8	7	t	4
378	8	8	t	4
379	8	9	t	4
380	8	10	t	4
381	9	1	t	4
382	9	2	t	4
383	9	3	t	4
384	9	4	t	4
385	9	5	t	4
386	9	6	t	4
387	9	7	t	4
388	9	8	t	4
389	9	9	t	4
390	9	10	t	4
391	10	1	t	4
392	10	2	t	4
393	10	3	t	4
394	10	4	t	4
395	10	5	t	4
396	10	6	t	4
397	10	7	t	4
398	10	8	t	4
399	10	9	t	4
400	10	10	t	4
401	1	1	t	5
402	1	2	t	5
403	1	3	t	5
404	1	4	t	5
405	1	5	t	5
406	1	6	t	5
407	1	7	t	5
408	1	8	t	5
409	1	9	t	5
410	1	10	t	5
411	2	1	t	5
412	2	2	t	5
413	2	3	t	5
414	2	4	t	5
415	2	5	t	5
416	2	6	t	5
417	2	7	t	5
418	2	8	t	5
419	2	9	t	5
420	2	10	t	5
421	3	1	t	5
422	3	2	t	5
423	3	3	t	5
424	3	4	t	5
425	3	5	t	5
426	3	6	t	5
427	3	7	t	5
428	3	8	t	5
429	3	9	t	5
430	3	10	t	5
431	4	1	t	5
432	4	2	t	5
433	4	3	t	5
434	4	4	t	5
435	4	5	t	5
436	4	6	t	5
437	4	7	t	5
438	4	8	t	5
439	4	9	t	5
440	4	10	t	5
441	5	1	t	5
442	5	2	t	5
443	5	3	t	5
444	5	4	t	5
445	5	5	t	5
446	5	6	t	5
447	5	7	t	5
448	5	8	t	5
449	5	9	t	5
450	5	10	t	5
451	6	1	t	5
452	6	2	t	5
453	6	3	t	5
454	6	4	t	5
455	6	5	t	5
456	6	6	t	5
457	6	7	t	5
458	6	8	t	5
459	6	9	t	5
460	6	10	t	5
461	7	1	t	5
462	7	2	t	5
463	7	3	t	5
464	7	4	t	5
465	7	5	t	5
466	7	6	t	5
467	7	7	t	5
468	7	8	t	5
469	7	9	t	5
470	7	10	t	5
471	8	1	t	5
472	8	2	t	5
473	8	3	t	5
474	8	4	t	5
475	8	5	t	5
476	8	6	t	5
477	8	7	t	5
478	8	8	t	5
479	8	9	t	5
480	8	10	t	5
481	9	1	t	5
482	9	2	t	5
483	9	3	t	5
484	9	4	t	5
485	9	5	t	5
486	9	6	t	5
487	9	7	t	5
488	9	8	t	5
489	9	9	t	5
490	9	10	t	5
491	10	1	t	5
492	10	2	t	5
493	10	3	t	5
494	10	4	t	5
495	10	5	t	5
496	10	6	t	5
497	10	7	t	5
498	10	8	t	5
499	10	9	t	5
500	10	10	t	5
501	1	1	t	6
502	1	2	t	6
503	1	3	t	6
504	1	4	t	6
505	1	5	t	6
506	1	6	t	6
507	1	7	t	6
508	1	8	t	6
509	1	9	t	6
510	1	10	t	6
511	2	1	t	6
512	2	2	t	6
513	2	3	t	6
514	2	4	t	6
515	2	5	t	6
516	2	6	t	6
517	2	7	t	6
518	2	8	t	6
519	2	9	t	6
520	2	10	t	6
521	3	1	t	6
522	3	2	t	6
523	3	3	t	6
524	3	4	t	6
525	3	5	t	6
526	3	6	t	6
527	3	7	t	6
528	3	8	t	6
529	3	9	t	6
530	3	10	t	6
531	4	1	t	6
532	4	2	t	6
533	4	3	t	6
534	4	4	t	6
535	4	5	t	6
536	4	6	t	6
537	4	7	t	6
538	4	8	t	6
539	4	9	t	6
540	4	10	t	6
541	5	1	t	6
542	5	2	t	6
543	5	3	t	6
544	5	4	t	6
545	5	5	t	6
546	5	6	t	6
547	5	7	t	6
548	5	8	t	6
549	5	9	t	6
550	5	10	t	6
551	6	1	t	6
552	6	2	t	6
553	6	3	t	6
554	6	4	t	6
555	6	5	t	6
556	6	6	t	6
557	6	7	t	6
558	6	8	t	6
559	6	9	t	6
560	6	10	t	6
561	7	1	t	6
562	7	2	t	6
563	7	3	t	6
564	7	4	t	6
565	7	5	t	6
566	7	6	t	6
567	7	7	t	6
568	7	8	t	6
569	7	9	t	6
570	7	10	t	6
571	8	1	t	6
572	8	2	t	6
573	8	3	t	6
574	8	4	t	6
575	8	5	t	6
576	8	6	t	6
577	8	7	t	6
578	8	8	t	6
579	8	9	t	6
580	8	10	t	6
581	9	1	t	6
582	9	2	t	6
583	9	3	t	6
584	9	4	t	6
585	9	5	t	6
586	9	6	t	6
587	9	7	t	6
588	9	8	t	6
589	9	9	t	6
590	9	10	t	6
591	10	1	t	6
592	10	2	t	6
593	10	3	t	6
594	10	4	t	6
595	10	5	t	6
596	10	6	t	6
597	10	7	t	6
598	10	8	t	6
599	10	9	t	6
600	10	10	t	6
601	1	1	t	7
602	1	2	t	7
603	1	3	t	7
604	1	4	t	7
605	1	5	t	7
606	1	6	t	7
607	1	7	t	7
608	1	8	t	7
609	1	9	t	7
610	1	10	t	7
611	2	1	t	7
612	2	2	t	7
613	2	3	t	7
614	2	4	t	7
615	2	5	t	7
616	2	6	t	7
617	2	7	t	7
618	2	8	t	7
619	2	9	t	7
620	2	10	t	7
621	3	1	t	7
622	3	2	t	7
623	3	3	t	7
624	3	4	t	7
625	3	5	t	7
626	3	6	t	7
627	3	7	t	7
628	3	8	t	7
629	3	9	t	7
630	3	10	t	7
631	4	1	t	7
632	4	2	t	7
633	4	3	t	7
634	4	4	t	7
635	4	5	t	7
636	4	6	t	7
637	4	7	t	7
638	4	8	t	7
639	4	9	t	7
640	4	10	t	7
641	5	1	t	7
642	5	2	t	7
643	5	3	t	7
644	5	4	t	7
645	5	5	t	7
646	5	6	t	7
647	5	7	t	7
648	5	8	t	7
649	5	9	t	7
650	5	10	t	7
651	6	1	t	7
652	6	2	t	7
653	6	3	t	7
654	6	4	t	7
655	6	5	t	7
656	6	6	t	7
657	6	7	t	7
658	6	8	t	7
659	6	9	t	7
660	6	10	t	7
661	7	1	t	7
662	7	2	t	7
663	7	3	t	7
664	7	4	t	7
665	7	5	t	7
666	7	6	t	7
667	7	7	t	7
668	7	8	t	7
669	7	9	t	7
670	7	10	t	7
671	8	1	t	7
672	8	2	t	7
673	8	3	t	7
674	8	4	t	7
675	8	5	t	7
676	8	6	t	7
677	8	7	t	7
678	8	8	t	7
679	8	9	t	7
680	8	10	t	7
681	9	1	t	7
682	9	2	t	7
683	9	3	t	7
684	9	4	t	7
685	9	5	t	7
686	9	6	t	7
687	9	7	t	7
688	9	8	t	7
689	9	9	t	7
690	9	10	t	7
691	10	1	t	7
692	10	2	t	7
693	10	3	t	7
694	10	4	t	7
695	10	5	t	7
696	10	6	t	7
697	10	7	t	7
698	10	8	t	7
699	10	9	t	7
700	10	10	t	7
701	1	1	t	8
702	1	2	t	8
703	1	3	t	8
704	1	4	t	8
705	1	5	t	8
706	1	6	t	8
707	1	7	t	8
708	1	8	t	8
709	1	9	t	8
710	1	10	t	8
711	2	1	t	8
712	2	2	t	8
713	2	3	t	8
714	2	4	t	8
715	2	5	t	8
716	2	6	t	8
717	2	7	t	8
718	2	8	t	8
719	2	9	t	8
720	2	10	t	8
721	3	1	t	8
722	3	2	t	8
723	3	3	t	8
724	3	4	t	8
725	3	5	t	8
726	3	6	t	8
727	3	7	t	8
728	3	8	t	8
729	3	9	t	8
730	3	10	t	8
731	4	1	t	8
732	4	2	t	8
733	4	3	t	8
734	4	4	t	8
735	4	5	t	8
736	4	6	t	8
737	4	7	t	8
738	4	8	t	8
739	4	9	t	8
740	4	10	t	8
741	5	1	t	8
742	5	2	t	8
743	5	3	t	8
744	5	4	t	8
745	5	5	t	8
746	5	6	t	8
747	5	7	t	8
748	5	8	t	8
749	5	9	t	8
750	5	10	t	8
751	6	1	t	8
752	6	2	t	8
753	6	3	t	8
754	6	4	t	8
755	6	5	t	8
756	6	6	t	8
757	6	7	t	8
758	6	8	t	8
759	6	9	t	8
760	6	10	t	8
761	7	1	t	8
762	7	2	t	8
763	7	3	t	8
764	7	4	t	8
765	7	5	t	8
766	7	6	t	8
767	7	7	t	8
768	7	8	t	8
769	7	9	t	8
770	7	10	t	8
771	8	1	t	8
772	8	2	t	8
773	8	3	t	8
774	8	4	t	8
775	8	5	t	8
776	8	6	t	8
777	8	7	t	8
778	8	8	t	8
779	8	9	t	8
780	8	10	t	8
781	9	1	t	8
782	9	2	t	8
783	9	3	t	8
784	9	4	t	8
785	9	5	t	8
786	9	6	t	8
787	9	7	t	8
788	9	8	t	8
789	9	9	t	8
790	9	10	t	8
791	10	1	t	8
792	10	2	t	8
793	10	3	t	8
794	10	4	t	8
795	10	5	t	8
796	10	6	t	8
797	10	7	t	8
798	10	8	t	8
799	10	9	t	8
800	10	10	t	8
801	1	1	t	9
802	1	2	t	9
803	1	3	t	9
804	1	4	t	9
805	1	5	t	9
806	1	6	t	9
807	1	7	t	9
808	1	8	t	9
809	1	9	t	9
810	1	10	t	9
811	2	1	t	9
812	2	2	t	9
813	2	3	t	9
814	2	4	t	9
815	2	5	t	9
816	2	6	t	9
817	2	7	t	9
818	2	8	t	9
819	2	9	t	9
820	2	10	t	9
821	3	1	t	9
822	3	2	t	9
823	3	3	t	9
824	3	4	t	9
825	3	5	t	9
826	3	6	t	9
827	3	7	t	9
828	3	8	t	9
829	3	9	t	9
830	3	10	t	9
831	4	1	t	9
832	4	2	t	9
833	4	3	t	9
834	4	4	t	9
835	4	5	t	9
836	4	6	t	9
837	4	7	t	9
838	4	8	t	9
839	4	9	t	9
840	4	10	t	9
841	5	1	t	9
842	5	2	t	9
843	5	3	t	9
844	5	4	t	9
845	5	5	t	9
846	5	6	t	9
847	5	7	t	9
848	5	8	t	9
849	5	9	t	9
850	5	10	t	9
851	6	1	t	9
852	6	2	t	9
853	6	3	t	9
854	6	4	t	9
855	6	5	t	9
856	6	6	t	9
857	6	7	t	9
858	6	8	t	9
859	6	9	t	9
860	6	10	t	9
861	7	1	t	9
862	7	2	t	9
863	7	3	t	9
864	7	4	t	9
865	7	5	t	9
866	7	6	t	9
867	7	7	t	9
868	7	8	t	9
869	7	9	t	9
870	7	10	t	9
871	8	1	t	9
872	8	2	t	9
873	8	3	t	9
874	8	4	t	9
875	8	5	t	9
876	8	6	t	9
877	8	7	t	9
878	8	8	t	9
879	8	9	t	9
880	8	10	t	9
881	9	1	t	9
882	9	2	t	9
883	9	3	t	9
884	9	4	t	9
885	9	5	t	9
886	9	6	t	9
887	9	7	t	9
888	9	8	t	9
889	9	9	t	9
890	9	10	t	9
891	10	1	t	9
892	10	2	t	9
893	10	3	t	9
894	10	4	t	9
895	10	5	t	9
896	10	6	t	9
897	10	7	t	9
898	10	8	t	9
899	10	9	t	9
900	10	10	t	9
\.


--
-- Data for Name: api_seatcategory; Type: TABLE DATA; Schema: public; Owner: myuser
--

COPY public.api_seatcategory (id, name, price) FROM stdin;
1	Standard for Dune: Part Two	5.00
2	Standard for Romeo and Juliet	21.00
3	Standard for AI & Society - Open Lecture	0.00
4	Standard for La La Land - City of Stars	8.00
5	Standard for Beetlejuice The Musical	25.00
6	Standard for Moulin Rouge! The Musical	30.00
7	Standard for Poor Things	10.00
8	Standard for Phantom of the Opera	45.00
9	Standard for The Secret Life of Trees	5.00
\.


--
-- Data for Name: api_venue; Type: TABLE DATA; Schema: public; Owner: myuser
--

COPY public.api_venue (id, name, rows, seats_per_row) FROM stdin;
1	Cinema City	10	10
2	National Theatre	10	10
3	Warsaw University of Technology	10	10
4	Multikino	10	10
5	Teatr Roma	10	10
6	Teatr Muzyczny Buffo	10	10
7	Kino Muran├│w	10	10
8	Teatr Wielki	10	10
9	Lecture Hall B2	10	10
\.


--
-- Data for Name: auth_group; Type: TABLE DATA; Schema: public; Owner: myuser
--

COPY public.auth_group (id, name) FROM stdin;
1	Customer
2	Manager
\.


--
-- Data for Name: auth_group_permissions; Type: TABLE DATA; Schema: public; Owner: myuser
--

COPY public.auth_group_permissions (id, group_id, permission_id) FROM stdin;
1	1	53
2	2	24
3	2	21
4	2	22
5	2	23
\.


--
-- Data for Name: auth_permission; Type: TABLE DATA; Schema: public; Owner: myuser
--

COPY public.auth_permission (id, name, content_type_id, codename) FROM stdin;
1	Can add log entry	1	add_logentry
2	Can change log entry	1	change_logentry
3	Can delete log entry	1	delete_logentry
4	Can view log entry	1	view_logentry
5	Can add permission	3	add_permission
6	Can change permission	3	change_permission
7	Can delete permission	3	delete_permission
8	Can view permission	3	view_permission
9	Can add group	2	add_group
10	Can change group	2	change_group
11	Can delete group	2	delete_group
12	Can view group	2	view_group
13	Can add user	4	add_user
14	Can change user	4	change_user
15	Can delete user	4	delete_user
16	Can view user	4	view_user
17	Can add content type	5	add_contenttype
18	Can change content type	5	change_contenttype
19	Can delete content type	5	delete_contenttype
20	Can view content type	5	view_contenttype
21	Can add session	6	add_session
22	Can change session	6	change_session
23	Can delete session	6	delete_session
24	Can view session	6	view_session
25	Can add venue	16	add_venue
26	Can change venue	16	change_venue
27	Can delete venue	16	delete_venue
28	Can view venue	16	view_venue
29	Can add event category	8	add_eventcategory
30	Can change event category	8	change_eventcategory
31	Can delete event category	8	delete_eventcategory
32	Can view event category	8	view_eventcategory
33	Can add event	7	add_event
34	Can change event	7	change_event
35	Can delete event	7	delete_event
36	Can view event	7	view_event
37	Can add event instance	9	add_eventinstance
38	Can change event instance	9	change_eventinstance
39	Can delete event instance	9	delete_eventinstance
40	Can view event instance	9	view_eventinstance
41	Can add seat category	15	add_seatcategory
42	Can change seat category	15	change_seatcategory
43	Can delete seat category	15	delete_seatcategory
44	Can view seat category	15	view_seatcategory
45	Can add seat	14	add_seat
46	Can change seat	14	change_seat
47	Can delete seat	14	delete_seat
48	Can view seat	14	view_seat
49	Can add event seat	10	add_eventseat
50	Can change event seat	10	change_eventseat
51	Can delete event seat	10	delete_eventseat
52	Can view event seat	10	view_eventseat
53	Can add order	11	add_order
54	Can change order	11	change_order
55	Can delete order	11	delete_order
56	Can view order	11	view_order
57	Can add order seat	12	add_orderseat
58	Can change order seat	12	change_orderseat
59	Can delete order seat	12	delete_orderseat
60	Can view order seat	12	view_orderseat
61	Can add payment	13	add_payment
62	Can change payment	13	change_payment
63	Can delete payment	13	delete_payment
64	Can view payment	13	view_payment
\.


--
-- Data for Name: auth_user; Type: TABLE DATA; Schema: public; Owner: myuser
--

COPY public.auth_user (id, password, last_login, is_superuser, username, first_name, last_name, email, is_staff, is_active, date_joined) FROM stdin;
1	pbkdf2_sha256$1200000$aJKLfE1cLzyetufckF6pnV$Y1YAZ/6w0MNXfG37E0XEpPIj2c5yMMGW3snfGP5Du1M=	2026-04-10 10:02:05+00	t	root	root	root	root@root.com	t	t	2026-03-31 15:38:44+00
3	pbkdf2_sha256$1200000$T6LzhEuLAerLmh2Lq3ttk3$ULJv3csC/M922u3hBijD7UNuDnLX0rokapCDek8qZhw=	\N	f	slisichik2004@gmail.com	Semion	Lisichik	slisichik2004@gmail.com	f	t	2026-04-10 11:19:20.383739+00
\.


--
-- Data for Name: auth_user_groups; Type: TABLE DATA; Schema: public; Owner: myuser
--

COPY public.auth_user_groups (id, user_id, group_id) FROM stdin;
1	3	1
\.


--
-- Data for Name: auth_user_user_permissions; Type: TABLE DATA; Schema: public; Owner: myuser
--

COPY public.auth_user_user_permissions (id, user_id, permission_id) FROM stdin;
\.


--
-- Data for Name: django_admin_log; Type: TABLE DATA; Schema: public; Owner: myuser
--

COPY public.django_admin_log (id, action_time, object_id, object_repr, action_flag, change_message, content_type_id, user_id) FROM stdin;
1	2026-03-31 16:15:56.00189+00	4	aaaaaa	3		8	1
2	2026-03-31 16:16:10.579112+00	5	aaaaaa	3		8	1
3	2026-04-10 09:17:13.753672+00	1	root	2	[{"changed": {"fields": ["Email address"]}}]	4	1
4	2026-04-10 09:18:27.526453+00	1	root	2	[{"changed": {"fields": ["password"]}}]	4	1
5	2026-04-10 10:03:28.290542+00	1	root	2	[{"changed": {"fields": ["First name", "Last name"]}}]	4	1
6	2026-04-10 10:04:42.3155+00	2	a	3		4	1
7	2026-04-10 10:15:52.697032+00	1	Customer	1	[{"added": {}}]	2	1
8	2026-04-10 10:16:00.250057+00	2	Manager	1	[{"added": {}}]	2	1
9	2026-04-10 10:17:12.53849+00	1	Customer	2	[{"changed": {"fields": ["Permissions"]}}]	2	1
10	2026-04-10 10:17:52.443553+00	2	Manager	2	[{"changed": {"fields": ["Permissions"]}}]	2	1
\.


--
-- Data for Name: django_content_type; Type: TABLE DATA; Schema: public; Owner: myuser
--

COPY public.django_content_type (id, app_label, model) FROM stdin;
1	admin	logentry
2	auth	group
3	auth	permission
4	auth	user
5	contenttypes	contenttype
6	sessions	session
7	api	event
8	api	eventcategory
9	api	eventinstance
10	api	eventseat
11	api	order
12	api	orderseat
13	api	payment
14	api	seat
15	api	seatcategory
16	api	venue
\.


--
-- Data for Name: django_migrations; Type: TABLE DATA; Schema: public; Owner: myuser
--

COPY public.django_migrations (id, app, name, applied) FROM stdin;
1	contenttypes	0001_initial	2026-03-31 11:52:47.029853+00
2	auth	0001_initial	2026-03-31 11:52:47.112081+00
3	admin	0001_initial	2026-03-31 11:52:47.13145+00
4	admin	0002_logentry_remove_auto_add	2026-03-31 11:52:47.135766+00
5	admin	0003_logentry_add_action_flag_choices	2026-03-31 11:52:47.140451+00
6	api	0001_initial	2026-03-31 11:52:47.255703+00
7	api	0002_eventcategory_event_category	2026-03-31 11:52:47.270196+00
8	api	0003_delete_message	2026-03-31 11:52:47.273684+00
9	contenttypes	0002_remove_content_type_name	2026-03-31 11:52:47.284097+00
10	auth	0002_alter_permission_name_max_length	2026-03-31 11:52:47.290621+00
11	auth	0003_alter_user_email_max_length	2026-03-31 11:52:47.29575+00
12	auth	0004_alter_user_username_opts	2026-03-31 11:52:47.300912+00
13	auth	0005_alter_user_last_login_null	2026-03-31 11:52:47.306163+00
14	auth	0006_require_contenttypes_0002	2026-03-31 11:52:47.307929+00
15	auth	0007_alter_validators_add_error_messages	2026-03-31 11:52:47.31276+00
16	auth	0008_alter_user_username_max_length	2026-03-31 11:52:47.321783+00
17	auth	0009_alter_user_last_name_max_length	2026-03-31 11:52:47.326657+00
18	auth	0010_alter_group_name_max_length	2026-03-31 11:52:47.334458+00
19	auth	0011_update_proxy_permissions	2026-03-31 11:52:47.341355+00
20	auth	0012_alter_user_first_name_max_length	2026-03-31 11:52:47.346623+00
21	sessions	0001_initial	2026-03-31 11:52:47.362906+00
22	api	0004_venue_image_url	2026-03-31 14:43:45.398769+00
23	api	0005_remove_venue_image_url_event_image_url	2026-03-31 15:12:27.81204+00
24	api	0006_alter_payment_stripe_session_id	2026-04-10 07:45:59.471904+00
25	api	0007_rename_exist_seat_if_exist	2026-04-10 08:14:08.695615+00
\.


--
-- Data for Name: django_session; Type: TABLE DATA; Schema: public; Owner: myuser
--

COPY public.django_session (session_key, session_data, expire_date) FROM stdin;
tfdytwgfv2n9p4wnp52n2e1a7ghzuy3e	.eJxVjDsOwjAQBe_iGln-4Q8lPWewdr0LDiBbipMKcXeIlALaNzPvJTKsS83r4DlPJE5Ci8PvhlAe3DZAd2i3Lktvyzyh3BS50yEvnfh53t2_gwqjfmsVKRyN1xoYU7CqGE-RDRMXWxJq5SzGmNB4ZwJzjD4R2mAYr1zAafH-ANobOAo:1wB8gf:hV9ExSr3HTWeSx4_hG_vZgof8ecSTgGPG6ycSxNbHfY	2026-04-24 10:02:05.03139+00
\.


--
-- Name: api_event_id_seq; Type: SEQUENCE SET; Schema: public; Owner: myuser
--

SELECT pg_catalog.setval('public.api_event_id_seq', 9, true);


--
-- Name: api_eventcategory_id_seq; Type: SEQUENCE SET; Schema: public; Owner: myuser
--

SELECT pg_catalog.setval('public.api_eventcategory_id_seq', 5, true);


--
-- Name: api_eventinstance_id_seq; Type: SEQUENCE SET; Schema: public; Owner: myuser
--

SELECT pg_catalog.setval('public.api_eventinstance_id_seq', 9, true);


--
-- Name: api_eventseat_id_seq; Type: SEQUENCE SET; Schema: public; Owner: myuser
--

SELECT pg_catalog.setval('public.api_eventseat_id_seq', 900, true);


--
-- Name: api_order_id_seq; Type: SEQUENCE SET; Schema: public; Owner: myuser
--

SELECT pg_catalog.setval('public.api_order_id_seq', 4, true);


--
-- Name: api_orderseat_id_seq; Type: SEQUENCE SET; Schema: public; Owner: myuser
--

SELECT pg_catalog.setval('public.api_orderseat_id_seq', 13, true);


--
-- Name: api_payment_id_seq; Type: SEQUENCE SET; Schema: public; Owner: myuser
--

SELECT pg_catalog.setval('public.api_payment_id_seq', 1, false);


--
-- Name: api_seat_id_seq; Type: SEQUENCE SET; Schema: public; Owner: myuser
--

SELECT pg_catalog.setval('public.api_seat_id_seq', 900, true);


--
-- Name: api_seatcategory_id_seq; Type: SEQUENCE SET; Schema: public; Owner: myuser
--

SELECT pg_catalog.setval('public.api_seatcategory_id_seq', 9, true);


--
-- Name: api_venue_id_seq; Type: SEQUENCE SET; Schema: public; Owner: myuser
--

SELECT pg_catalog.setval('public.api_venue_id_seq', 9, true);


--
-- Name: auth_group_id_seq; Type: SEQUENCE SET; Schema: public; Owner: myuser
--

SELECT pg_catalog.setval('public.auth_group_id_seq', 2, true);


--
-- Name: auth_group_permissions_id_seq; Type: SEQUENCE SET; Schema: public; Owner: myuser
--

SELECT pg_catalog.setval('public.auth_group_permissions_id_seq', 5, true);


--
-- Name: auth_permission_id_seq; Type: SEQUENCE SET; Schema: public; Owner: myuser
--

SELECT pg_catalog.setval('public.auth_permission_id_seq', 64, true);


--
-- Name: auth_user_groups_id_seq; Type: SEQUENCE SET; Schema: public; Owner: myuser
--

SELECT pg_catalog.setval('public.auth_user_groups_id_seq', 1, true);


--
-- Name: auth_user_id_seq; Type: SEQUENCE SET; Schema: public; Owner: myuser
--

SELECT pg_catalog.setval('public.auth_user_id_seq', 3, true);


--
-- Name: auth_user_user_permissions_id_seq; Type: SEQUENCE SET; Schema: public; Owner: myuser
--

SELECT pg_catalog.setval('public.auth_user_user_permissions_id_seq', 1, false);


--
-- Name: django_admin_log_id_seq; Type: SEQUENCE SET; Schema: public; Owner: myuser
--

SELECT pg_catalog.setval('public.django_admin_log_id_seq', 10, true);


--
-- Name: django_content_type_id_seq; Type: SEQUENCE SET; Schema: public; Owner: myuser
--

SELECT pg_catalog.setval('public.django_content_type_id_seq', 16, true);


--
-- Name: django_migrations_id_seq; Type: SEQUENCE SET; Schema: public; Owner: myuser
--

SELECT pg_catalog.setval('public.django_migrations_id_seq', 25, true);


--
-- Name: api_event api_event_pkey; Type: CONSTRAINT; Schema: public; Owner: myuser
--

ALTER TABLE ONLY public.api_event
    ADD CONSTRAINT api_event_pkey PRIMARY KEY (id);


--
-- Name: api_eventcategory api_eventcategory_pkey; Type: CONSTRAINT; Schema: public; Owner: myuser
--

ALTER TABLE ONLY public.api_eventcategory
    ADD CONSTRAINT api_eventcategory_pkey PRIMARY KEY (id);


--
-- Name: api_eventinstance api_eventinstance_pkey; Type: CONSTRAINT; Schema: public; Owner: myuser
--

ALTER TABLE ONLY public.api_eventinstance
    ADD CONSTRAINT api_eventinstance_pkey PRIMARY KEY (id);


--
-- Name: api_eventseat api_eventseat_pkey; Type: CONSTRAINT; Schema: public; Owner: myuser
--

ALTER TABLE ONLY public.api_eventseat
    ADD CONSTRAINT api_eventseat_pkey PRIMARY KEY (id);


--
-- Name: api_eventseat api_eventseat_seat_id_event_instance_id_2debf196_uniq; Type: CONSTRAINT; Schema: public; Owner: myuser
--

ALTER TABLE ONLY public.api_eventseat
    ADD CONSTRAINT api_eventseat_seat_id_event_instance_id_2debf196_uniq UNIQUE (seat_id, event_instance_id);


--
-- Name: api_order api_order_pkey; Type: CONSTRAINT; Schema: public; Owner: myuser
--

ALTER TABLE ONLY public.api_order
    ADD CONSTRAINT api_order_pkey PRIMARY KEY (id);


--
-- Name: api_orderseat api_orderseat_event_seat_id_order_id_a9ffdf25_uniq; Type: CONSTRAINT; Schema: public; Owner: myuser
--

ALTER TABLE ONLY public.api_orderseat
    ADD CONSTRAINT api_orderseat_event_seat_id_order_id_a9ffdf25_uniq UNIQUE (event_seat_id, order_id);


--
-- Name: api_orderseat api_orderseat_pkey; Type: CONSTRAINT; Schema: public; Owner: myuser
--

ALTER TABLE ONLY public.api_orderseat
    ADD CONSTRAINT api_orderseat_pkey PRIMARY KEY (id);


--
-- Name: api_payment api_payment_order_id_key; Type: CONSTRAINT; Schema: public; Owner: myuser
--

ALTER TABLE ONLY public.api_payment
    ADD CONSTRAINT api_payment_order_id_key UNIQUE (order_id);


--
-- Name: api_payment api_payment_pkey; Type: CONSTRAINT; Schema: public; Owner: myuser
--

ALTER TABLE ONLY public.api_payment
    ADD CONSTRAINT api_payment_pkey PRIMARY KEY (id);


--
-- Name: api_seat api_seat_pkey; Type: CONSTRAINT; Schema: public; Owner: myuser
--

ALTER TABLE ONLY public.api_seat
    ADD CONSTRAINT api_seat_pkey PRIMARY KEY (id);


--
-- Name: api_seat api_seat_venue_id_row_number_44d99a96_uniq; Type: CONSTRAINT; Schema: public; Owner: myuser
--

ALTER TABLE ONLY public.api_seat
    ADD CONSTRAINT api_seat_venue_id_row_number_44d99a96_uniq UNIQUE (venue_id, "row", number);


--
-- Name: api_seatcategory api_seatcategory_pkey; Type: CONSTRAINT; Schema: public; Owner: myuser
--

ALTER TABLE ONLY public.api_seatcategory
    ADD CONSTRAINT api_seatcategory_pkey PRIMARY KEY (id);


--
-- Name: api_venue api_venue_pkey; Type: CONSTRAINT; Schema: public; Owner: myuser
--

ALTER TABLE ONLY public.api_venue
    ADD CONSTRAINT api_venue_pkey PRIMARY KEY (id);


--
-- Name: auth_group auth_group_name_key; Type: CONSTRAINT; Schema: public; Owner: myuser
--

ALTER TABLE ONLY public.auth_group
    ADD CONSTRAINT auth_group_name_key UNIQUE (name);


--
-- Name: auth_group_permissions auth_group_permissions_group_id_permission_id_0cd325b0_uniq; Type: CONSTRAINT; Schema: public; Owner: myuser
--

ALTER TABLE ONLY public.auth_group_permissions
    ADD CONSTRAINT auth_group_permissions_group_id_permission_id_0cd325b0_uniq UNIQUE (group_id, permission_id);


--
-- Name: auth_group_permissions auth_group_permissions_pkey; Type: CONSTRAINT; Schema: public; Owner: myuser
--

ALTER TABLE ONLY public.auth_group_permissions
    ADD CONSTRAINT auth_group_permissions_pkey PRIMARY KEY (id);


--
-- Name: auth_group auth_group_pkey; Type: CONSTRAINT; Schema: public; Owner: myuser
--

ALTER TABLE ONLY public.auth_group
    ADD CONSTRAINT auth_group_pkey PRIMARY KEY (id);


--
-- Name: auth_permission auth_permission_content_type_id_codename_01ab375a_uniq; Type: CONSTRAINT; Schema: public; Owner: myuser
--

ALTER TABLE ONLY public.auth_permission
    ADD CONSTRAINT auth_permission_content_type_id_codename_01ab375a_uniq UNIQUE (content_type_id, codename);


--
-- Name: auth_permission auth_permission_pkey; Type: CONSTRAINT; Schema: public; Owner: myuser
--

ALTER TABLE ONLY public.auth_permission
    ADD CONSTRAINT auth_permission_pkey PRIMARY KEY (id);


--
-- Name: auth_user_groups auth_user_groups_pkey; Type: CONSTRAINT; Schema: public; Owner: myuser
--

ALTER TABLE ONLY public.auth_user_groups
    ADD CONSTRAINT auth_user_groups_pkey PRIMARY KEY (id);


--
-- Name: auth_user_groups auth_user_groups_user_id_group_id_94350c0c_uniq; Type: CONSTRAINT; Schema: public; Owner: myuser
--

ALTER TABLE ONLY public.auth_user_groups
    ADD CONSTRAINT auth_user_groups_user_id_group_id_94350c0c_uniq UNIQUE (user_id, group_id);


--
-- Name: auth_user auth_user_pkey; Type: CONSTRAINT; Schema: public; Owner: myuser
--

ALTER TABLE ONLY public.auth_user
    ADD CONSTRAINT auth_user_pkey PRIMARY KEY (id);


--
-- Name: auth_user_user_permissions auth_user_user_permissions_pkey; Type: CONSTRAINT; Schema: public; Owner: myuser
--

ALTER TABLE ONLY public.auth_user_user_permissions
    ADD CONSTRAINT auth_user_user_permissions_pkey PRIMARY KEY (id);


--
-- Name: auth_user_user_permissions auth_user_user_permissions_user_id_permission_id_14a6b632_uniq; Type: CONSTRAINT; Schema: public; Owner: myuser
--

ALTER TABLE ONLY public.auth_user_user_permissions
    ADD CONSTRAINT auth_user_user_permissions_user_id_permission_id_14a6b632_uniq UNIQUE (user_id, permission_id);


--
-- Name: auth_user auth_user_username_key; Type: CONSTRAINT; Schema: public; Owner: myuser
--

ALTER TABLE ONLY public.auth_user
    ADD CONSTRAINT auth_user_username_key UNIQUE (username);


--
-- Name: django_admin_log django_admin_log_pkey; Type: CONSTRAINT; Schema: public; Owner: myuser
--

ALTER TABLE ONLY public.django_admin_log
    ADD CONSTRAINT django_admin_log_pkey PRIMARY KEY (id);


--
-- Name: django_content_type django_content_type_app_label_model_76bd3d3b_uniq; Type: CONSTRAINT; Schema: public; Owner: myuser
--

ALTER TABLE ONLY public.django_content_type
    ADD CONSTRAINT django_content_type_app_label_model_76bd3d3b_uniq UNIQUE (app_label, model);


--
-- Name: django_content_type django_content_type_pkey; Type: CONSTRAINT; Schema: public; Owner: myuser
--

ALTER TABLE ONLY public.django_content_type
    ADD CONSTRAINT django_content_type_pkey PRIMARY KEY (id);


--
-- Name: django_migrations django_migrations_pkey; Type: CONSTRAINT; Schema: public; Owner: myuser
--

ALTER TABLE ONLY public.django_migrations
    ADD CONSTRAINT django_migrations_pkey PRIMARY KEY (id);


--
-- Name: django_session django_session_pkey; Type: CONSTRAINT; Schema: public; Owner: myuser
--

ALTER TABLE ONLY public.django_session
    ADD CONSTRAINT django_session_pkey PRIMARY KEY (session_key);


--
-- Name: api_event_category_id_ed399f0f; Type: INDEX; Schema: public; Owner: myuser
--

CREATE INDEX api_event_category_id_ed399f0f ON public.api_event USING btree (category_id);


--
-- Name: api_eventinstance_event_id_c4ffd724; Type: INDEX; Schema: public; Owner: myuser
--

CREATE INDEX api_eventinstance_event_id_c4ffd724 ON public.api_eventinstance USING btree (event_id);


--
-- Name: api_eventinstance_venue_id_e6ffd48f; Type: INDEX; Schema: public; Owner: myuser
--

CREATE INDEX api_eventinstance_venue_id_e6ffd48f ON public.api_eventinstance USING btree (venue_id);


--
-- Name: api_eventseat_event_instance_id_df64f102; Type: INDEX; Schema: public; Owner: myuser
--

CREATE INDEX api_eventseat_event_instance_id_df64f102 ON public.api_eventseat USING btree (event_instance_id);


--
-- Name: api_eventseat_seat_category_id_f1272a07; Type: INDEX; Schema: public; Owner: myuser
--

CREATE INDEX api_eventseat_seat_category_id_f1272a07 ON public.api_eventseat USING btree (seat_category_id);


--
-- Name: api_eventseat_seat_id_75a15dce; Type: INDEX; Schema: public; Owner: myuser
--

CREATE INDEX api_eventseat_seat_id_75a15dce ON public.api_eventseat USING btree (seat_id);


--
-- Name: api_order_eventinstance_id_c8966fdf; Type: INDEX; Schema: public; Owner: myuser
--

CREATE INDEX api_order_eventinstance_id_c8966fdf ON public.api_order USING btree (eventinstance_id);


--
-- Name: api_order_user_id_52781ff0; Type: INDEX; Schema: public; Owner: myuser
--

CREATE INDEX api_order_user_id_52781ff0 ON public.api_order USING btree (user_id);


--
-- Name: api_orderseat_event_seat_id_6d40df64; Type: INDEX; Schema: public; Owner: myuser
--

CREATE INDEX api_orderseat_event_seat_id_6d40df64 ON public.api_orderseat USING btree (event_seat_id);


--
-- Name: api_orderseat_order_id_bb9ea0aa; Type: INDEX; Schema: public; Owner: myuser
--

CREATE INDEX api_orderseat_order_id_bb9ea0aa ON public.api_orderseat USING btree (order_id);


--
-- Name: api_seat_venue_id_dca89a60; Type: INDEX; Schema: public; Owner: myuser
--

CREATE INDEX api_seat_venue_id_dca89a60 ON public.api_seat USING btree (venue_id);


--
-- Name: auth_group_name_a6ea08ec_like; Type: INDEX; Schema: public; Owner: myuser
--

CREATE INDEX auth_group_name_a6ea08ec_like ON public.auth_group USING btree (name varchar_pattern_ops);


--
-- Name: auth_group_permissions_group_id_b120cbf9; Type: INDEX; Schema: public; Owner: myuser
--

CREATE INDEX auth_group_permissions_group_id_b120cbf9 ON public.auth_group_permissions USING btree (group_id);


--
-- Name: auth_group_permissions_permission_id_84c5c92e; Type: INDEX; Schema: public; Owner: myuser
--

CREATE INDEX auth_group_permissions_permission_id_84c5c92e ON public.auth_group_permissions USING btree (permission_id);


--
-- Name: auth_permission_content_type_id_2f476e4b; Type: INDEX; Schema: public; Owner: myuser
--

CREATE INDEX auth_permission_content_type_id_2f476e4b ON public.auth_permission USING btree (content_type_id);


--
-- Name: auth_user_groups_group_id_97559544; Type: INDEX; Schema: public; Owner: myuser
--

CREATE INDEX auth_user_groups_group_id_97559544 ON public.auth_user_groups USING btree (group_id);


--
-- Name: auth_user_groups_user_id_6a12ed8b; Type: INDEX; Schema: public; Owner: myuser
--

CREATE INDEX auth_user_groups_user_id_6a12ed8b ON public.auth_user_groups USING btree (user_id);


--
-- Name: auth_user_user_permissions_permission_id_1fbb5f2c; Type: INDEX; Schema: public; Owner: myuser
--

CREATE INDEX auth_user_user_permissions_permission_id_1fbb5f2c ON public.auth_user_user_permissions USING btree (permission_id);


--
-- Name: auth_user_user_permissions_user_id_a95ead1b; Type: INDEX; Schema: public; Owner: myuser
--

CREATE INDEX auth_user_user_permissions_user_id_a95ead1b ON public.auth_user_user_permissions USING btree (user_id);


--
-- Name: auth_user_username_6821ab7c_like; Type: INDEX; Schema: public; Owner: myuser
--

CREATE INDEX auth_user_username_6821ab7c_like ON public.auth_user USING btree (username varchar_pattern_ops);


--
-- Name: django_admin_log_content_type_id_c4bce8eb; Type: INDEX; Schema: public; Owner: myuser
--

CREATE INDEX django_admin_log_content_type_id_c4bce8eb ON public.django_admin_log USING btree (content_type_id);


--
-- Name: django_admin_log_user_id_c564eba6; Type: INDEX; Schema: public; Owner: myuser
--

CREATE INDEX django_admin_log_user_id_c564eba6 ON public.django_admin_log USING btree (user_id);


--
-- Name: django_session_expire_date_a5c62663; Type: INDEX; Schema: public; Owner: myuser
--

CREATE INDEX django_session_expire_date_a5c62663 ON public.django_session USING btree (expire_date);


--
-- Name: django_session_session_key_c0390e0f_like; Type: INDEX; Schema: public; Owner: myuser
--

CREATE INDEX django_session_session_key_c0390e0f_like ON public.django_session USING btree (session_key varchar_pattern_ops);


--
-- Name: api_event api_event_category_id_ed399f0f_fk_api_eventcategory_id; Type: FK CONSTRAINT; Schema: public; Owner: myuser
--

ALTER TABLE ONLY public.api_event
    ADD CONSTRAINT api_event_category_id_ed399f0f_fk_api_eventcategory_id FOREIGN KEY (category_id) REFERENCES public.api_eventcategory(id) DEFERRABLE INITIALLY DEFERRED;


--
-- Name: api_eventinstance api_eventinstance_event_id_c4ffd724_fk_api_event_id; Type: FK CONSTRAINT; Schema: public; Owner: myuser
--

ALTER TABLE ONLY public.api_eventinstance
    ADD CONSTRAINT api_eventinstance_event_id_c4ffd724_fk_api_event_id FOREIGN KEY (event_id) REFERENCES public.api_event(id) DEFERRABLE INITIALLY DEFERRED;


--
-- Name: api_eventinstance api_eventinstance_venue_id_e6ffd48f_fk_api_venue_id; Type: FK CONSTRAINT; Schema: public; Owner: myuser
--

ALTER TABLE ONLY public.api_eventinstance
    ADD CONSTRAINT api_eventinstance_venue_id_e6ffd48f_fk_api_venue_id FOREIGN KEY (venue_id) REFERENCES public.api_venue(id) DEFERRABLE INITIALLY DEFERRED;


--
-- Name: api_eventseat api_eventseat_event_instance_id_df64f102_fk_api_event; Type: FK CONSTRAINT; Schema: public; Owner: myuser
--

ALTER TABLE ONLY public.api_eventseat
    ADD CONSTRAINT api_eventseat_event_instance_id_df64f102_fk_api_event FOREIGN KEY (event_instance_id) REFERENCES public.api_eventinstance(id) DEFERRABLE INITIALLY DEFERRED;


--
-- Name: api_eventseat api_eventseat_seat_category_id_f1272a07_fk_api_seatcategory_id; Type: FK CONSTRAINT; Schema: public; Owner: myuser
--

ALTER TABLE ONLY public.api_eventseat
    ADD CONSTRAINT api_eventseat_seat_category_id_f1272a07_fk_api_seatcategory_id FOREIGN KEY (seat_category_id) REFERENCES public.api_seatcategory(id) DEFERRABLE INITIALLY DEFERRED;


--
-- Name: api_eventseat api_eventseat_seat_id_75a15dce_fk_api_seat_id; Type: FK CONSTRAINT; Schema: public; Owner: myuser
--

ALTER TABLE ONLY public.api_eventseat
    ADD CONSTRAINT api_eventseat_seat_id_75a15dce_fk_api_seat_id FOREIGN KEY (seat_id) REFERENCES public.api_seat(id) DEFERRABLE INITIALLY DEFERRED;


--
-- Name: api_order api_order_eventinstance_id_c8966fdf_fk_api_eventinstance_id; Type: FK CONSTRAINT; Schema: public; Owner: myuser
--

ALTER TABLE ONLY public.api_order
    ADD CONSTRAINT api_order_eventinstance_id_c8966fdf_fk_api_eventinstance_id FOREIGN KEY (eventinstance_id) REFERENCES public.api_eventinstance(id) DEFERRABLE INITIALLY DEFERRED;


--
-- Name: api_order api_order_user_id_52781ff0_fk_auth_user_id; Type: FK CONSTRAINT; Schema: public; Owner: myuser
--

ALTER TABLE ONLY public.api_order
    ADD CONSTRAINT api_order_user_id_52781ff0_fk_auth_user_id FOREIGN KEY (user_id) REFERENCES public.auth_user(id) DEFERRABLE INITIALLY DEFERRED;


--
-- Name: api_orderseat api_orderseat_event_seat_id_6d40df64_fk_api_eventseat_id; Type: FK CONSTRAINT; Schema: public; Owner: myuser
--

ALTER TABLE ONLY public.api_orderseat
    ADD CONSTRAINT api_orderseat_event_seat_id_6d40df64_fk_api_eventseat_id FOREIGN KEY (event_seat_id) REFERENCES public.api_eventseat(id) DEFERRABLE INITIALLY DEFERRED;


--
-- Name: api_orderseat api_orderseat_order_id_bb9ea0aa_fk_api_order_id; Type: FK CONSTRAINT; Schema: public; Owner: myuser
--

ALTER TABLE ONLY public.api_orderseat
    ADD CONSTRAINT api_orderseat_order_id_bb9ea0aa_fk_api_order_id FOREIGN KEY (order_id) REFERENCES public.api_order(id) DEFERRABLE INITIALLY DEFERRED;


--
-- Name: api_payment api_payment_order_id_7b6d4bf5_fk_api_order_id; Type: FK CONSTRAINT; Schema: public; Owner: myuser
--

ALTER TABLE ONLY public.api_payment
    ADD CONSTRAINT api_payment_order_id_7b6d4bf5_fk_api_order_id FOREIGN KEY (order_id) REFERENCES public.api_order(id) DEFERRABLE INITIALLY DEFERRED;


--
-- Name: api_seat api_seat_venue_id_dca89a60_fk_api_venue_id; Type: FK CONSTRAINT; Schema: public; Owner: myuser
--

ALTER TABLE ONLY public.api_seat
    ADD CONSTRAINT api_seat_venue_id_dca89a60_fk_api_venue_id FOREIGN KEY (venue_id) REFERENCES public.api_venue(id) DEFERRABLE INITIALLY DEFERRED;


--
-- Name: auth_group_permissions auth_group_permissio_permission_id_84c5c92e_fk_auth_perm; Type: FK CONSTRAINT; Schema: public; Owner: myuser
--

ALTER TABLE ONLY public.auth_group_permissions
    ADD CONSTRAINT auth_group_permissio_permission_id_84c5c92e_fk_auth_perm FOREIGN KEY (permission_id) REFERENCES public.auth_permission(id) DEFERRABLE INITIALLY DEFERRED;


--
-- Name: auth_group_permissions auth_group_permissions_group_id_b120cbf9_fk_auth_group_id; Type: FK CONSTRAINT; Schema: public; Owner: myuser
--

ALTER TABLE ONLY public.auth_group_permissions
    ADD CONSTRAINT auth_group_permissions_group_id_b120cbf9_fk_auth_group_id FOREIGN KEY (group_id) REFERENCES public.auth_group(id) DEFERRABLE INITIALLY DEFERRED;


--
-- Name: auth_permission auth_permission_content_type_id_2f476e4b_fk_django_co; Type: FK CONSTRAINT; Schema: public; Owner: myuser
--

ALTER TABLE ONLY public.auth_permission
    ADD CONSTRAINT auth_permission_content_type_id_2f476e4b_fk_django_co FOREIGN KEY (content_type_id) REFERENCES public.django_content_type(id) DEFERRABLE INITIALLY DEFERRED;


--
-- Name: auth_user_groups auth_user_groups_group_id_97559544_fk_auth_group_id; Type: FK CONSTRAINT; Schema: public; Owner: myuser
--

ALTER TABLE ONLY public.auth_user_groups
    ADD CONSTRAINT auth_user_groups_group_id_97559544_fk_auth_group_id FOREIGN KEY (group_id) REFERENCES public.auth_group(id) DEFERRABLE INITIALLY DEFERRED;


--
-- Name: auth_user_groups auth_user_groups_user_id_6a12ed8b_fk_auth_user_id; Type: FK CONSTRAINT; Schema: public; Owner: myuser
--

ALTER TABLE ONLY public.auth_user_groups
    ADD CONSTRAINT auth_user_groups_user_id_6a12ed8b_fk_auth_user_id FOREIGN KEY (user_id) REFERENCES public.auth_user(id) DEFERRABLE INITIALLY DEFERRED;


--
-- Name: auth_user_user_permissions auth_user_user_permi_permission_id_1fbb5f2c_fk_auth_perm; Type: FK CONSTRAINT; Schema: public; Owner: myuser
--

ALTER TABLE ONLY public.auth_user_user_permissions
    ADD CONSTRAINT auth_user_user_permi_permission_id_1fbb5f2c_fk_auth_perm FOREIGN KEY (permission_id) REFERENCES public.auth_permission(id) DEFERRABLE INITIALLY DEFERRED;


--
-- Name: auth_user_user_permissions auth_user_user_permissions_user_id_a95ead1b_fk_auth_user_id; Type: FK CONSTRAINT; Schema: public; Owner: myuser
--

ALTER TABLE ONLY public.auth_user_user_permissions
    ADD CONSTRAINT auth_user_user_permissions_user_id_a95ead1b_fk_auth_user_id FOREIGN KEY (user_id) REFERENCES public.auth_user(id) DEFERRABLE INITIALLY DEFERRED;


--
-- Name: django_admin_log django_admin_log_content_type_id_c4bce8eb_fk_django_co; Type: FK CONSTRAINT; Schema: public; Owner: myuser
--

ALTER TABLE ONLY public.django_admin_log
    ADD CONSTRAINT django_admin_log_content_type_id_c4bce8eb_fk_django_co FOREIGN KEY (content_type_id) REFERENCES public.django_content_type(id) DEFERRABLE INITIALLY DEFERRED;


--
-- Name: django_admin_log django_admin_log_user_id_c564eba6_fk_auth_user_id; Type: FK CONSTRAINT; Schema: public; Owner: myuser
--

ALTER TABLE ONLY public.django_admin_log
    ADD CONSTRAINT django_admin_log_user_id_c564eba6_fk_auth_user_id FOREIGN KEY (user_id) REFERENCES public.auth_user(id) DEFERRABLE INITIALLY DEFERRED;


--
-- PostgreSQL database dump complete
--

\unrestrict lbDYbckyK2Z8J5KH5y3VmbJedlBV7RTabg3vXDGCficsesBrdDR5SvaYT4mSv8R

